JourneyMap,32274
Mantle,74924
Chisel,235279
Storage Drawers,223852
Extra Utilities,225561
Tinkers Construct,74072
Custom Main Menu,226406
Iron Chests,228756
Resource Loader,226447
Immersive Engineering,231951
Pam's HarvestCraft,221857
Inventory Tweaks,223094
Just Enough Items (JEI),238222
Baubles,227083
McJtyLib,233105
CraftTweaker,239197
Morpheus,69118
BdLib,70496
Botania,225643
FTBLib,237167
FTB Utilities,237102
Chameleon,230497
RFTools,224641
CoFH Core,69162
ModTweaker,220954
Brandon's Core,231382
Better Builder's Wands,238403
BiblioCraft,228027
Mouse Tweaks,60089
Chisels & Bits,231095
Draconic Evolution,223565
Cooking for Blockheads,231484
CodeChicken Lib 1.8.+,242818
Thermal Expansion,69163
Natura,74120
Thermal Foundation,222880
AutoRegLib,250363
Applied Energistics 2,223794
Actually Additions,228404
Guide-API,228832
Forestry,59751
Bookshelf,228525
GraveStone Mod,238551
MTLib,253211
Extreme Reactors,250277
Ender Storage 1.8.+,245174
Wawla - What Are We Looking At,224712
AppleSkin,248787
Reborn Core,237903
AppleCore,224472
Refined Storage,243076
ZeroCore,247921
Aroma1997Core,223735
Thermal Dynamics,227443
Industrial Craft,242638
ValkyrieLib,245480
Waila Harvestability,79287
Chest Transporter,78778
Flat Colored Blocks,238590
Shadowfacts' Forgelin,248453
Redstone Arsenal,70631
MCMultiPart,239431
Bed Bugs,254508
Biomes O' Plenty,220318
MPUtils Basic Tools,245889
MPUtils,244940
Dark Utilities,242195
LunatriusCore,225605
Environmental Tech,245453
OpenBlocks Elevator,250832
Ranged Pumps,247496
RFTools Control,250763
Psi,241665
Just Enough Resources (JER),240630
Quark,243121
OpenComputers,223008
Default Options,232131
ShadowMC,226780
Random Things,59816
WanionLib,253043
RFTools Dimensions,240950
QuantumStorage,235121
UniDict,244258
InGame Info XML,225604
BetterFps,229876
KleeSlabs,241895
Controlling,250398
Aroma1997s Dimensional World,60092
ShetiPhianCore,71738
Roots,246183
Cyclops Core,232758
Tinkers' Tool Leveling,250957
The One Probe,245211
Mob Grinding Utils,254241
Chance Cubes,233113
Steve's Carts Reborn,253462
TorchMaster,254268
Fast Leaf Decay,230976
MalisisDoors,223891
ElecCore | Rendering Library,227391
Not Enough Items 1.8.+,247694
Hammer Core,247401
Hopper Ducts,72210
MalisisCore,223896
Mercurius,242838
Deep Resonance,233398
Gendustry,70492
Advanced Generators,223622
Mystical Agriculture,246640
ET Lunar [Environmental Tech Addon],253565
Not Enough Wands,235595
Solar Flux Reborn,246974
Reliquary v1.3,241319
Ceramics,250617
Colossal Chests,237875
Better Than Bunnies,241015
Hwyla,253449
NetherPortalFix,241160
p455w0rd's Library,255232
JEI Bees,248370
Ore Excavation,250898
Chicken Chunks 1.8.+,243883
Neat,238372
Clipboard,252676
Tiny Progressions,250850
Funky Locomotion,224190
XNet,260912
LLibrary,243298
ReAuth,237701
ConnectedTexturesMod,267602
Tech Reborn,233564
B.A.S.E,246996
Akashic Tome,250577
ComputerCraft,67504
Morph-o-Tool,245287
Clumps,256717
Angel Ring To Bauble,256224
Ex Compressum,241967
Common Capabilities,247007
Long Fall Boots,254032
TOP Addons,247111
Embers,251918
VeinMiner,67133
Platforms,244786
Botania: Garden of Glass,232502
Soul Shards: The Old Ways,226958
BiomeTweaker,228895
Fullscreen Windowed (Borderless) for Minecraft,227441
Initial Inventory,253230
Redstone Paste,67508
Integrated Dynamics,236307
Useful Nullifiers,247408
Mod Name Tooltip,238747
More Overlays,243478
Extra Bit Manipulation,240959
More Bees,250226
Fairy Lights,233342
Waddles,251767
Ender Zoo,225247
Open Glider,252354
Client Tweaks,251407
The Spice of Life,220811
Mekanism Generators,268566
Reborn Storage,256662
Storage Drawers Extras,254879
Quick Leaf Decay,225839
Mekanism Tools,268567
Mekanism,268560
Crafting Tweaks,233071
Roguelike Dungeons,221585
Better Questing,238856
ActuallyComputers,253005
The Beneath,254629
Inventory Pets,229380
MultiStorage,244864
Better Questing - Standard Expansion,238857
Integrated Tunnels,251389
xNICEx,255038
IvToolkit,224535
ProjectE,226410
YABBA,255177
Simple Corn,246761
No Mob Spawning on Trees,226779
CreeperHost,267172
Packing Tape,238659
[SBM] Wooden Shears,250880
YUNoMakeGoodMap,252104
Grue,235133
Magic Bees,65764
AromaBackup,225658
MineMenu,222378
Interaction Wheel,256287
Recurrent Complex,223150
Binnie's Mods,223525
stimmedcow : NoMoreRecipeConflict,238123
More Shearables,241805
Twerk Sim 2K16,251301
Sound Filters,222789
Farming for Blockheads,261924
Simple Void World,254466
Refined Relocation 2,247135
ChatFlow,231453
MrCrayfish's Furniture Mod,55438
Pressure Pipes,221214
Cosmetic Armor Reworked,237307
Cyclic,239286
Astral Sorcery,241721
TESLA,244651
Doomlike Dungeons,74246
Custom NPCs,221826
Ding,231275
Tinkers' Addons,245549
Hardcore Map Reset,222536
Tinker I/O,229503
EiraMoticons,230849
Water Strainer,246939
PackGuard,231369
Better Title Screen,224223
Bloodmoon,226321
EnderTanks,59613
Tree Growing Simulator,246764
Waystones,245755
Minecraft Comes Alive (MCA),59693
RadixCore,77286
Light Level Overlay Reloaded,226670
ArmorPlus,237366
Rope Bridge,238050
Spartan Shields,252239
TheDragonLib,248055
Wolf Armor and Storage,253689
Minecolonies,245506
Tough As Nails,246391
AtomicStryker's Infernal Mobs,227875
WorldEdit,225608
Immersive Petroleum,268250
Silent Lib,242998
DeathQuotes / Death Quotes,253947
Magneticraft,224808
NotEnoughIDs,235107
AbyssalCraft,53686
ViesCraft - Airships!,246795
Item Scroller,242064
Extra Rails,247665
Additional Resources,225124
Blur,268324
Industrial Wires,251121
Simply Conveyors & More,245710
PlusTiC,260327
Dynamic Surroundings,238891
Better Foliage,228529
Compact Machines,224218
Exchangers,270183
Audio Death,225125
Birds Nests,250466
SwingThroughGrass,264353
More Furnaces,78320
Redstone Flux,270789
Compacter,231549
CoFH World,271384
CXLibrary,244023
FlatBedrock Xplosion's Edition,78886
Xtones,257573
Clay Bucket,242568
InfiniteFluids,247286
Mystical Agradditions,256247
Hardcore Darkness,225957
In Control!,257356
Dungeon Tactics,242500
Thirsty Bottles,263498
Durability Show,226099
CoroUtil,237749
Clarity,252145
Bailey's Dailies,250529
BetterBedrockGen,223275
Earthworks,255427
Tesla Core Lib,254602
Baby Mobs,238285
Silent's Gems,220311
Lockdown,244019
Scannable,266784
ForgeEndertech,244844
Scaling Health,248027
Just Enough HarvestCraft (JEHC),267939
AtomicStryker's Battle Towers,227877
LimeLib,250711
EvilCraft,74610
Thermal Cultivation,271835
SimpleHarvest,240783
TrashSlot,235577
Better With Mods,246760
More Player Models,221939
Tool Belt,260262
SubLib,251678
Simple Teleporters,241588
Backpacks!,223957
Ender Compass,223106
Login Shield,233255
ToroHealth Damage Indicators,245733
Block Armor,247329
Rustic,256141
Zombie Awareness,237754
Additional Banners,230137
Moar Tinkers,263624
CreativeCore,257814
Cucumber,272335
The Lost Cities,269024
Rough Mobs,245849
VoxelMap,225179
Mo' Bends,231347
LibrarianLib,252910
Terraqueous,244870
Tails,223584
Ocean Floor - Clay Sand and Dirt,231837
Ender Utilities,224320
Nature's Compass,252848
Davincis Vessels,228029
MovingWorld,230495
Furnus,239336
Tough Expansion,257225
LootTweaker,255257
Custom Backgrounds,225928
Modular Routers,250294
Tumbleweed,245028
Realistic Item Drops,245620
Knob Control,246333
Silent's Gems: Extra Parts,245281
Survivalist,242289
Bad Wither No Cookie - Reloaded,261251
NoNausea,226035
Level Up!,251136
Vending block,243315
Ore Tweaker,242436
Grappling Hook Mod,238911
Magma Monsters,262292
Advanced Hook Launchers,244849
Gear Swapper,236610
Rough Tweaks,251670
MalisisBlocks,237862
Creeper Confetti,222548
Gravestone mod - Graves,62929
Stats Keeper,258168
Garden Stuff,225903
Dooglamoo Cities,250834
Teslafied,252385
Health and Hunger Tweaks,254246
Industrial Foregoing,266515
ItemZoom,261725
Edible Bugs,246129
Deadly Monsters,254088
Void Island Control,257655
Dynamic Lights,227874
Classic Combat,250578
Security Craft,64760
Stuff A Sock In It,262137
Antique Atlas,227795
Wearable Backpacks,257572
HoloInventory,78608
ThutCore,224428
Similsax Transtructors,233659
Refined Storage Addons,272302
Prefab,246550
JEI Integration,265917
Block Drops (JEI Addon),244181
Lapis Stays in the Enchanting Table,263905
CraftingCraft,237581
Simple Sponge,269141
Schematica,225603
Traverse,267769
Just a Few Fish,235261
Corail Pillar,266228
LittleTiles,257818
OpenEye,251457
Ruins (Structure Spawning System),227873
More Loot Tables,253887
Good Ol' Currency,254346
Dirt2Path,264684
Energy Converters,254818
Personal Cars,265962
Crossroads MC,250231
RF Lux,250207
AmbientSounds 2.0,254284
ItemPhysic Full,258587
Actually Baubles,273430
Chunk Animator,236484
Totemic,237541
OreExcavation Integration,270305
Chunkloader,76458
Metamorph,256932
Plants,257229
Deez Nuts Creepers,262031
ChocoCraft,225280
Computality,266637
Faster Ladder Climbing,258881
EverlastingAbilities,248353
GoG Skybox,266068
Applied Llamagistics,271174
Rainbow Oak Trees,268439
AI Improvements,233019
jglrxavpok's Uncrafting Table,254993
Persistent Bits,245681
Statues,253172
Sky Resources 2,243482
Excore,233180
Ye Olde Tanks,236923
RPG-Hud,235670
Corail Pillar - Extension Chisel,272197
Quick Hotbar,228742
Skyblocks,255568
CapabilityProxy,266479
Pokécube - Revival,224362
SlashBlade,241596
Better Than Llamas,264161
Runes of Wizardry,235927
Pokécube Core,238253
Pokécube Mobs,239105
Toast Control,271740
Runes of Wizardry - Classic Dusts Pack,243956
MultiBeds,244858
Advanced Capes,231404
ToroQuest,257330
mxTune,245356
Tree Chopper,250241
Stellar Sky,236078
More Default Options,253770
Corail Pillar - Extension Biomes O'Plenty,267866
Corail Tombstone,243707
JAOPCA,266936
Better Advancements,272515
Pam's Simple Recipes,221915
Inventory Spam,266450
Easy Breeding,236045
Village Names,259230
Custom Starter Gear,253735
SeedCopy,235201
IKWID (I Know What I'm Doing),271492
Stellar API,244147
Torch Arrows,245763
Sky Compression,271992
WTP - What's This Pack,221658
Armor Stand Configurator,266043
Block Whitelist,271511
A Block of Charcoal,251079
More Beautiful Buttons,272755
Advanced Chimneys,244830
Villager Market,261505
ExpandedBonemeal,247804
Just Enough Buttons,248747
Creative Plus,248991
Lost Souls,271998
Fence Jumper,254652
Default World Generator (port),241140
Growable Storage Cells,253869
Glass Shards,226834
Underp Hangables,240757
Carry On,274259
Better Sprinting,227409
Cavern,244301
Tick Dynamic,269359
Vampirism - Become a vampire!,233029
Forgiving Void,271009
Applied Fluidics,273821
Bad Mobs,233258
MiniHeads,272639
Corail Pillar - Extension Quark & Botania,267389
Tomb Many Graves 2,262823
Thut's Elevators,224375
Glare Torch,267417
Stackie,225606
Reptile Mod,77994
Pokecube Server Utilities,251077
Ping,222967
Autowalk,247759
NetherEx,248039
iTorch,270163
Felling,256909
Large Veins,256237
Underwater Utilities,252337
Telepad,236879
Overloaded,264601
Xaero's Minimap,263420
Doggy Talents,271050
K4Lib,224740
Time HUD,239110
Pam's Get All the Seeds!,221914
Restricted Portals,228266
SignPicture,250822
Corail Pillar - Extension Forestry,271275
Ore Shrubs,263884
ColorUtility,259957
Speedster Heroes,252318
Just Enough Pattern Banners,263590
Pet Buddy Mod,251660
AbyssalCraft Integration,234851
TamModized,251733
Thut Wearables,251978
Structured Crafting,233151
Pengu's Biome Paint Tools,254204
Baby Animals Model Swapper,227979
OnlinePictureFrame,257815
Lucraft: Core,230651
Simple Storage Network,268495
WIT (What Is That),239438
Signpost,261837
Pandora's Box,222896
Minecoprocessors,267994
Switch-Bow,257820
Thut Bling,251919
Simple Grinder,238899
ModLister,237863
VoidCraft,251730
RealBench,237414
Real Filing Cabinet,253619
Futurepack,237333
Bedrock B Gone,255053
It's the little things,232791
Keeping Inventory,231775
Overlord,251732
Immersive Tech,274159
Just Enough Dimensions,254317
Slurpie's Dongles,242120
MalisisSwitches,240828
Duck Craft,253103
Stacksize,247843
NoFov,227965
Food Expansion,235328
Custom Trades Mod,225810
Dark Roleplay Medieval,238326
FL,262385
Charcoal Pit,264111
Unique Crops,261124
Fun Ores,228011
DiscordIntegration,245288
Guidebook,253874
Spectrite,268094
Clock HUD,226364
Ender-Rift,233780
Advanced Inventory,228892
The Rpg Inventory and ClassArmor Mod,251752
Ambience (Music Mod),238120
NoMansLib,269684
Sparks Hammers,237240
Wither Skeleton Tweaks,255902
Utility Worlds,228979
Ender Crop,242269
Seed Drop,247369
Hunger In Peace,224473
Pulver,261489
Random Utilities,239464
DebugServerInfo,256400
Bullseye,247395
Notes,256087
Paintings ++,252042
Multi Page Chest,78779
Floocraft,227782
Architect,264874
Rocket Squids,251774
Too Many Chickens mod,262293
FFS - Fancy Fluid Storage,232683
Taco Tuesday,266475
TUMAT,249037
Pam's Clay Spawn,221913
Simple Harvest,243679
Reforged,241392
Clay Soldiers Mod,227543
"To the Bat Poles!",272190
Tesla Powered Thingies,264283
Potion Icon Remover,244821
Gobble Core,269863
EnhancedVisuals,255389
Cosmetic Wings,237900
Chat Bubbles,235520
Immersive Craft,241268
Wearables,265774
Parachute Mod,77745
Mana Wells Revived,266375
Pengu's Lost Thaumaturgy,232564
Multi Mine,227887
TeleToro,250345
Mycommands,76460
Binocular,226429
Ore Control,226665
LegibleNei,252373
How 'Bout That Furniture,255208
Strait,261200
Vanilla Magic,247232
Friendly Fire,255105
Allomancy,256282
Missing Textures,268734
EnderPay,261270
Floricraft,247429
Diamond Glass,270959
Death Counter,229068
Dark Roleplay Core,235803
Wopper,269377
EqualDragons,270140
FTB Guide Book,274883
DungeonDQ,268957
Extra Alchemy,247357
MalisisAdvert,228722
Simple Quarry,247393
ResourcefulCrops,232365
MS Utilities,267606
PowerCrops,238650
Ore Core,232386
Super Sound Muffler,256343
Moar Advancements,271851
Auto Dropper,245149
JAOPCAAdditions,275025
New Age Bee Breeding (NABB),246221
Class Armor : Berserker, Mage and Archer,252079
LazyModder,266466
Simple Dimensions,235444
Combined Potions,262420
Passable Leaves,267934
OC Sensors,269054
Lore Expansion,228897
TIS-3D,238603
Better With Addons,268326
Chameleon Creepers,242617
Rarmor,240869
WebShooter,247359
WrapUp,275153
Minecraft Minions,227878
ExU2 - Cursed Earth Ritual,262691
Loading Profiler,228513
WorldEditCUI,254692
(Chat) Ping!,237804
Class Armor : Necromancer and Paladin,252080
Batty's Coordinates PLUS! Mod,59036
Vanilla Magic Addon,261308
Hardcore ORE,251372
TF2 stuff mod,227615
BNBGamingLib,229587
Dab Mod,258582
Class Armor : Beast Master,252815
Advanced XRay,256256
CrackedZombie,78191
Simple Gravel Ores,264330
Transprot,246276
Foamflower,271204
Fancy Block Particles,254441
Flesh2Leather,222201
Teletubbies Mod,236040
V-Tweaks,238048
ToroChess,266396
GravelMiner,244759
Water Power,224579
MiscTweaks_,245603
Waypoints,243368
Minewatch,265838
Craftable Saddles,247093
OpenGlasses,225819
Batty's Coordinates PLUS! Mod for Forge,62514
Pocket Nether Link,227934
ServerInfoProvider,236296
Keyboard Wizard,262366
Meme In A Bottle,240830
Gammabright,222539
TheBOMPlugin,273404
VisibleRayGenerator,265851
Uncrafted,229641
Dimensional Ores,248345
Passthrough Signs,224633
YukariLib,254390
More Plates,266736
SuperMiner [Unified],246404
ReinforcedTools,241236
Chat Typer,256314
Fancy Battleaxes,258152
Yarr Cute Mob Models - Remake,222028
World Stripper,250603
JourneyMap API,242519
Eat the Eggs!,244251
Solid Xp,246644
Thut Essentials,251135
Simple Camp Fire,271615
Improved Villagers,252770
Elemental Dimensions,248539
Vanilla Immersion,245247
Universal Remote,273414
Ice Shards,229598
Crop-Eating Animals,258010
Fast Food,223553
Pam's DesertCraft,221911
Mob Settings,247819
ProjectTable,270216
RedstonePlusPlus,269379
CleanView,226889
Dimension Rules,242424
PeacefulSurface,73112
MegaQuarry,266036
Stupid Things,267901
Unified Items,63346
Custom Crosshair Mod,242995
Better with Harder Steel Recipe,268836
Hide Names,62786
NotEnoughCodecs,241058
Enderfuge,264938
Scenter Mod,242739
Hunger Persistence,258923
Simply Tea!,268373
ThirdPerson Everything,251759
CTD Core,258186
HardLib,232071
ezWastelands,237662
Creeper Awareness,243078
Avatar Mod 2: Out of the Iceberg,254565
Overpowered Inventory,233168
No Fist,269728
Simulated Nights,255512
DynmapForge,59433
Hardcore Cheater,251471
Magical Map,261281
Improved Backpacks,270457
Global GameRules,227657
Logical Drops,244453
Enchantment Descriptions,250419
Health Bar,239440
Just Another Rotten Flesh to Leather Mod,247136
Troll Ores Reborn,246037
PrimalCore,247907
Obsidian Plates,244769
WorldEditCUI Forge Edition 2,261019
TATW,263980
Grim Pack,245062
Stalker Creepers,227886
Angel of Vengeance,266138
Pam's BoneCraft,221912
Ender Ore,254035
Anima Mundi,270651
KAGIC,252754
Simple Ore Generation,244249
Block Launcher,222799
Can I Join Now?,246125
Resource Pack Organizer,246231
Simple Tubes,271872
HeroesExpansion,267462
Pick Block Plus,242943
In-Game Account Switcher,232676
Advanced Finders,260925
Chat Tweaks,243506
Multi-Hotbar,246054
Autoverse,245194
Ex Nihilo: Creatio,274456
VanillaAutomation,246339
StructPro Mod (Fast Schematic Spawning System),263578
JustTheTips,275356
Tinkers' Complement,272671
Storage Tech,274033
Nether Chest,268888
TickProfiler,270330
Attained Drops 2,254294
Rock Candy,221743
Youtuber's Lucky Blocks,250060
TrueType Font Replacement,243639
Pet Bats,227879
SanLib,259724
Lights 'n Lures,272589
Black Hole Storage,261061
Bouncing Balls,246030
InGameConfigManager,263128
Petrock Mod,230556
With Sprinkles,270326
Compass Coordinates,231573
Finder Compass,227885
Minecraft-Flux,248942
XL Food Mod,247217
Better Than Mending,264738
EnergySynergy,247043
Dynamic Trees,252818
Recipe Manipulator,270252
MacroKey Keybinding,243479
Craftable Enchanted Golden Apple Mod,245508
Clay WorldGen,227276
World-Tooltips,241545
Ore Flowers,233472
Villager Trade Tables,260621
SpawnerCraft,221268
Wild Crops,268819
RiteClicker Mod,248819
Painting Selection Gui Revamped,252043
Photoptics,244264
Harder Ores,232254
Building Boots MOD,257738
Mutated Mobs Mod,273207
All the Mods: Tweaks,273774
Simple Magnet,245060
Fly Mod,261320
Mo' Glowstone,253336
Treecapitator Port,270752
Signal-Catcher,268347
/dank/null,272514
Auto Pickup,238284
SaltyMod,234840
Gadgets n' Goodies Mod,230028
ShieldHider,244876
Pipes,255840
Flour Power,247243
SimpleLeather,255714
Twitch Integration,245491
World Handler - Command GUI,228970
Version Checker,221140
IncreaseMobs,244509
Admin Weapons,224707
Server Tick Monitor,252319
ItemPhysic Lite,270441
Dooglamoo Jr. Archaeology,223324
AutoRun,233577
[SBM] Wooden Buckets,233189
Smart HUD,270539
Fexcraft Common Library,250923
Ex Parvis,245526
Kingdom Keys Re:Coded,242862
XP Book,260391
OfflineSkins,241420
Astikoor [Horse Cart],273771
TabbyChat 2,232962
NHAVE's Core,233718
Real Time Clock,229797
Just Enough Torches (JET),273028
Lever & Button Lights,273897
Armors HUD Revived (Liteloader Only),244537
Jukebox,270542
OpticManager,263127
Mending Fix,265030
Harder Farming,255126
Master Blocks Mod,265427
Bird's Foods,255255
Veining,273605
TNTUtils,227449
Gentle Harvest,243134
Kitsu's ForgeCraft,226013
StepUp,239236
WholeTreeAxe,243432
Fake Ores²,245315
Meldexun's Crystalic Void,247095
Bonfires,255347
Simply Enchanting,269948
Advanced Shulkerboxes,253861
CMDCam,251244
Minecart AI Fix,264706
Repurpose,241217
Simple Bedrolls,273870
Shoulder Surfing Reloaded,243190
No Op Spawn Protection,274407
Improved Hoes,241119
Trapcraft,271272
Pokeplayer,274135
Void Fog,267244
Fullscreen Fix,254746
Defiled Lands,273502
TickrateChanger,230233
SugiForest,244409
gmCGENmod,262097
Vanilla Builders Extension,264480
Customized Dungeon Loot,258944
EasierVillagerTrading,261605
EasierCrafting,265956
Xaero's Minimap (Fair-play Edition),263466
Placement Preview,248402
Dungeons2,273362
Team Up,243951
Mob Farm,254046
TapeMouse,223065
FRSM - Fex's Random Stuff Mod,233148
MiningLib,271314
Environmental Creepers,246320
Modern Lights,274081
Lord Craft,256950
Dooglamoo Worlds,272835
DiscordChat,240995
Concrete Extends,273227
Squake,223360
Omega Craft Mod,261442
Spikes,251886
Villager Inventory Viewer,257852
[SBM] Bone Torch,238695
Zombie Steaks,227800
The One Wrench (All in One Edition),224053
Redstone Remote,255428
Dissolution,265729
Bedrock Ores,275083
Infinity & Mending Unnerf,262424
Wood Converter,63102
Horse Power,270466
Croparia,250235
External Tweaker,270558
NBTEdit,247580
Imaginary,257038
Better Slabs Mod,273109
Just Fashion,253400
Auto Refresh,255266
Flexible Tools,263046
Turret Mod Rebirth,246405
What's That Slot?,247895
VanillaFoodPantry Mod,238170
Metallic Crops,262320
MusicCraft mod,271228
Corail Recycler,243049
Vanilla-Inspired Teleporters,229630
Global XP - Share XP levels with your friends,268647
InventoryBook,245248
TAN Campfire Spit,267633
TschippLib,262886
Obsidian Armor and Tools,260656
PvPTime,227151
Map Maker's Tab,261469
ZeiyoCraft,247468
Teckle,274041
Simple Item Collector Chest,270812
FluidConverters,223737
Advanced Sticks Mod,247091
Inventory X,245997
Spawn Detector (Liteloader Only),245885
TellMe,225781
Mob Battle Mod,268746
AntiGhost,273279
World Utils,254297
Rune Craft,264936
ContentTweaker,237065
MagicBooks,269870
r2s Radio,240627
Finite Water Control,266439
Extended Crafting,268387
AdventureTime Mod 2,276802
Dimensional Control,229588
PlayerRevive,266890
AdventureBags,248104
Catwalks 3,243912
RandomTweaks,258205
Expanded Industry,232258
Pillar,246695
Yarn,271761
Thaumic Echoes (Lost Thaumaturgy Addon),274417
Better Chat,271622
BlockRenderer,238656
The Spotlight Mod,268037
CocoaInput,259700
CutePuppyMod,229525
GottschCore,272450
Simple Tree Drops,270530
Laser Level,227929
JapariCraftMod,267324
Sleep,230311
Misty World,271013
Ambidextrous,246658
Clear Jukebox,257670
VE-FluidHandling,262806
Harvestables,267959
Pokecube Alternative,252185
Multishot,225875
Indicatia,272146
Sounds Extended,268461
Ecology Mod,243920
Simple Bedding,264488
Skillable,265736
SilentBoss,254767
ChopDown,269682
modchu_modchulib,270560
Aqua Munda,256159
Just Another Snad,276722
CTD Paint,257091
Mankini,220899
Squeedometer,223359
Just Enough Characters,250702
Game Stages,268655
modchu_playerformlittlemaid,270562
Better Magnets,272440
CubePlacer,268123
Better Survival mod,260360
M'Ore Seeds,235790
Torchplacer,250084
VillageMarkerMod for LiteLoader,270170
CloneLand,262861
Slurp,272781
CobbleWorks,242565
Uyjulian's X-ray Mod,60359
MoreCommands,250823
Terraria Craft,248147
TerraCore,272806
Progressive Difficulty,270476
modchu_defaultmodelset,270569
Exponential Power,254249
Real Time Chat Translation Mod,240908
AutoPlant,265666
JSON Recipe Manager,271757
Elytra Jet HUD,273249
Grass Burner,273718
Debarked Logs,272262
Xplosives Mod,277137
CustomUI,247781
More Blocks Please,273566
r2s Core,255881
GPS Mod / Stalker mod,247855
MineAmp,244753
Creeperade,250559
Stairway to Aether,245713
Magic Mirror,265587
Ability Stones 2,242338
Pop Enchant Tags Revived (Liteloader Only),244527
